ph,temp,rainfall,crop
6.610482696,22.66461504,90.65897732,Wheat
6.152789181,21.29413664,62.960317,Wheat
6.519884011,21.70355846,65.82834605,Wheat
6.981439022,23.20485666,38.08098972,Wheat
6.113113002,23.88716736,80.83540029,Wheat
6.184910813,22.28580795,35.03047679,Wheat
6.498913079,23.03303452,84.399539,Wheat
6.70199909,22.23498539,81.23314492,Wheat
6.418759797,22.30139918,89.16357313,Wheat
6.795944449,21.80189632,81.54663299,Wheat
6.608561483,21.06180908,70.49866667,Wheat
6.837036844,21.93427256,88.37308443,Wheat
6.677349485,22.76616101,34.13987902,Wheat
6.035638855,21.996817,34.9042739,Wheat
6.176109558,23.19342426,40.28487699,Wheat
6.04577075,21.82801531,47.69833233,Wheat
6.427228755,23.26811963,80.96316293,Wheat
6.494160351,21.44893486,65.42079114,Wheat
6.371109683,23.08200486,37.73714711,Wheat
6.753808859,23.36213758,97.81440677,Wheat
6.436503344,22.57340912,60.21499647,Wheat
6.433289331,22.58824259,59.72322462,Wheat
6.430075317,22.60307606,59.23145277,Wheat
6.426861303,22.61790953,58.73968092,Wheat
6.423647289,22.632743,58.24790906,Wheat
6.420433276,22.64757647,57.75613721,Wheat
6.417219262,22.66240994,57.26436536,Wheat
6.414005248,22.67724341,56.77259351,Wheat
6.410791235,22.69207688,56.28082165,Wheat
6.407577221,22.70691035,55.7890498,Wheat
6.404363207,22.72174382,55.29727795,Wheat
6.401149194,22.73657729,54.8055061,Wheat
6.39793518,22.75141076,54.31373424,Wheat
6.394721166,22.76624423,53.82196239,Wheat
6.391507152,22.7810777,53.33019054,Wheat
6.388293139,22.79591117,52.83841869,Wheat
6.385079125,22.81074464,52.34664683,Wheat
6.381865111,22.82557811,51.85487498,Wheat
6.378651098,22.84041158,51.36310313,Wheat
6.375437084,22.85524505,50.87133128,Wheat
6.37222307,22.87007852,50.37955942,Wheat
6.369009057,22.88491199,49.88778757,Wheat
6.365795043,22.89974546,49.39601572,Wheat
6.362581029,22.91457893,48.90424386,Wheat
6.359367015,22.9294124,48.41247201,Wheat
6.356153002,22.94424587,47.92070016,Wheat
6.352938988,22.95907934,47.42892831,Wheat
6.349724974,22.97391281,46.93715645,Wheat
6.346510961,22.98874628,46.4453846,Wheat
6.343296947,23.00357975,45.95361275,Wheat
5.787914045,25.31610478,12.76334969,Rice
5.379425352,21.68123396,11.52973572,Rice
5.237858962,25.86856733,16.56098961,Rice
4.455055472,22.37809736,13.54134379,Rice
5.676489714,26.86002097,18.78572558,Rice
4.663667774,21.43054923,18.43747345,Rice
4.609858314,24.73246438,12.5917685,Rice
5.058391717,24.8694011,17.91122469,Rice
5.272453956,20.03668717,16.00892635,Rice
5.623990716,26.50004897,18.03830998,Rice
5.014024209,25.70475591,13.96662494,Rice
5.765685469,23.38524805,11.47237212,Rice
5.239397399,24.63228234,10.0908496,Rice
5.103989945,24.58618318,12.85924391,Rice
4.854851612,23.44181882,15.20284658,Rice
4.457342705,21.2630939,14.9802461,Rice
4.347095678,22.96153888,19.55929707,Rice
4.929978015,22.59312633,10.02965772,Rice
5.296431503,21.38184292,10.6886107,Rice
4.970261231,26.14793371,16.47572435,Rice
4.854911281,23.25758378,13.86905757,Rice
4.832787765,23.20701557,13.801852,Rice
4.81066425,23.15644736,13.73464644,Rice
4.788540735,23.10587915,13.66744087,Rice
4.76641722,23.05531094,13.6002353,Rice
4.744293705,23.00474273,13.53302974,Rice
4.72217019,22.95417452,13.46582417,Rice
4.700046675,22.90360632,13.3986186,Rice
4.677923159,22.85303811,13.33141304,Rice
4.655799644,22.8024699,13.26420747,Rice
4.633676129,22.75190169,13.1970019,Rice
4.611552614,22.70133348,13.12979633,Rice
4.589429099,22.65076527,13.06259077,Rice
4.567305584,22.60019706,12.9953852,Rice
4.545182069,22.54962886,12.92817963,Rice
4.523058554,22.49906065,12.86097407,Rice
4.500935038,22.44849244,12.7937685,Rice
4.478811523,22.39792423,12.72656293,Rice
4.456688008,22.34735602,12.65935737,Rice
4.434564493,22.29678781,12.5921518,Rice
4.412440978,22.2462196,12.52494623,Rice
4.390317463,22.1956514,12.45774067,Rice
4.368193948,22.14508319,12.3905351,Rice
4.346070433,22.09451498,12.32332953,Rice
4.323946917,22.04394677,12.25612397,Rice
4.301823402,21.99337856,12.1889184,Rice
4.279699887,21.94281035,12.12171283,Rice
4.257576372,21.89224215,12.05450727,Rice
4.235452857,21.84167394,11.9873017,Rice
4.213329342,21.79110573,11.92009613,Rice
6.067451086,26.29028902,51.76026189,Jowar
6.016851407,30.04467269,69.34442953,Jowar
6.499097217,26.43735991,61.88822826,Jowar
6.188753064,26.93948162,65.37409181,Jowar
6.560155954,25.07063838,70.52812442,Jowar
7.361805068,29.41544459,74.21966559,Jowar
7.086404442,28.71924862,57.0165362,Jowar
7.157708244,29.20682553,73.78909651,Jowar
7.180091463,31.76648908,50.9234247,Jowar
6.164100393,26.74620374,66.43942482,Jowar
7.412558824,29.75030737,65.53795872,Jowar
6.92224715,29.60977044,67.46144375,Jowar
6.974166201,30.21947377,52.84760522,Jowar
6.248946354,25.73974328,70.58415963,Jowar
6.861001745,25.14588981,74.17210195,Jowar
6.143812874,29.98648262,59.73641515,Jowar
6.575253993,25.78210526,51.66284148,Jowar
7.015192333,25.23797987,71.5251955,Jowar
7.090624684,31.7249862,72.54934771,Jowar
7.0195443,29.8354578,64.69350779,Jowar
6.993481975,28.65141002,66.07399692,Jowar
7.01883375,28.69597836,66.2141211,Jowar
7.044185525,28.74054669,66.35424528,Jowar
7.069537299,28.78511503,66.49436946,Jowar
7.094889074,28.82968337,66.63449364,Jowar
7.120240849,28.87425171,66.77461782,Jowar
7.145592624,28.91882004,66.914742,Jowar
7.170944399,28.96338838,67.05486618,Jowar
7.196296173,29.00795672,67.19499036,Jowar
7.221647948,29.05252505,67.33511454,Jowar
7.246999723,29.09709339,67.47523872,Jowar
7.272351498,29.14166173,67.6153629,Jowar
7.297703272,29.18623007,67.75548708,Jowar
7.323055047,29.2307984,67.89561126,Jowar
7.348406822,29.27536674,68.03573544,Jowar
7.373758597,29.31993508,68.17585962,Jowar
7.399110372,29.36450341,68.3159838,Jowar
7.424462146,29.40907175,68.45610798,Jowar
7.449813921,29.45364009,68.59623216,Jowar
7.475165696,29.49820842,68.73635634,Jowar
7.500517471,29.54277676,68.87648052,Jowar
7.525869246,29.5873451,69.0166047,Jowar
7.55122102,29.63191344,69.15672888,Jowar
7.576572795,29.67648177,69.29685306,Jowar
7.60192457,29.72105011,69.43697724,Jowar
7.627276345,29.76561845,69.57710142,Jowar
7.65262812,29.81018678,69.7172256,Jowar
7.677979894,29.85475512,69.85734978,Jowar
7.703331669,29.89932346,69.99747396,Jowar
7.728683444,29.9438918,70.13759814,Jowar
5.595031109,23.46779458,96.92603999,Rajma
5.667273328,22.11241253,63.13396886,Rajma
5.578182522,20.10924208,105.8426844,Rajma
5.751807116,20.52588238,126.4471825,Rajma
5.936704133,24.47961929,108.0283783,Rajma
5.808336197,17.61140889,60.32591761,Rajma
5.675141102,15.27287502,75.70916173,Rajma
5.845928769,24.26117611,114.0305764,Rajma
5.891143922,21.81110631,96.55544961,Rajma
5.648820522,24.47883304,120.8980982,Rajma
5.838736977,24.49242438,117.5810322,Rajma
5.654007269,15.9018162,138.6203361,Rajma
5.984920463,21.76878556,141.4656877,Rajma
5.877852612,19.38037333,89.96416379,Rajma
5.521358186,24.43473149,83.76280823,Rajma
5.894911885,18.92395485,103.3982022,Rajma
5.883652892,17.82919921,107.6837544,Rajma
5.610198584,17.88546445,123.249769,Rajma
5.69364059,19.12831426,125.4542887,Rajma
5.657873811,17.90153267,105.3662889,Rajma
5.769616254,18.80441306,119.0919009,Rajma
5.771410554,18.63446693,120.4128258,Rajma
5.773204854,18.46452081,121.7337507,Rajma
5.774999155,18.29457469,123.0546756,Rajma
5.776793455,18.12462857,124.3756004,Rajma
5.778587755,17.95468245,125.6965253,Rajma
5.780382056,17.78473633,127.0174502,Rajma
5.782176356,17.61479021,128.3383751,Rajma
5.783970657,17.44484408,129.6593,Rajma
5.785764957,17.27489796,130.9802249,Rajma
5.787559257,17.10495184,132.3011498,Rajma
5.789353558,16.93500572,133.6220747,Rajma
5.791147858,16.7650596,134.9429996,Rajma
5.792942159,16.59511348,136.2639245,Rajma
5.794736459,16.42516736,137.5848494,Rajma
5.796530759,16.25522123,138.9057743,Rajma
5.79832506,16.08527511,140.2266992,Rajma
5.80011936,15.91532899,141.5476241,Rajma
5.801913661,15.74538287,142.868549,Rajma
5.803707961,15.57543675,144.1894739,Rajma
5.805502261,15.40549063,145.5103988,Rajma
5.807296562,15.23554451,146.8313237,Rajma
5.809090862,15.06559838,148.1522486,Rajma
5.810885163,14.89565226,149.4731735,Rajma
5.812679463,14.72570614,150.7940984,Rajma
5.814473763,14.55576002,152.1150233,Rajma
5.816268064,14.3858139,153.4359482,Rajma
5.818062364,14.21586778,154.7568731,Rajma
5.819856664,14.04592166,156.077798,Rajma
5.821650965,13.87597553,157.3987229,Rajma
6.074084938,26.67386325,98.41475485,Maize
6.352290064,24.50104244,93.58194423,Maize
6.876508743,24.74852725,85.87469901,Maize
5.819225378,18.01002991,100.0989738,Maize
5.59206679,24.90943954,91.78570104,Maize
6.681345184,23.43031582,95.74726179,Maize
5.975576979,26.39419649,92.44416751,Maize
6.596520247,26.50120875,70.80168153,Maize
5.887696935,25.81601522,69.98071919,Maize
6.860605308,19.77445207,87.99905851,Maize
6.498651077,24.74828214,91.62563605,Maize
6.396704362,26.92908517,94.44814561,Maize
6.081701502,21.15415496,105.1957512,Maize
5.587776114,26.45181941,91.52242992,Maize
5.914763897,24.70769402,95.31687092,Maize
6.20389252,25.30274142,83.35197491,Maize
6.192238389,25.71786362,90.01978621,Maize
6.657260632,24.4784131,70.40713778,Maize
6.411319593,25.81719079,107.173464,Maize
6.055152385,21.08001524,62.48422173,Maize
6.219280505,24.43662325,83.63399836,Maize
6.217710167,24.44417618,83.13116782,Maize
6.216139829,24.45172911,82.62833728,Maize
6.214569491,24.45928203,82.12550675,Maize
6.212999153,24.46683496,81.62267621,Maize
6.211428815,24.47438788,81.11984567,Maize
6.209858478,24.48194081,80.61701514,Maize
6.20828814,24.48949374,80.1141846,Maize
6.206717802,24.49704666,79.61135406,Maize
6.205147464,24.50459959,79.10852353,Maize
6.203577126,24.51215251,78.60569299,Maize
6.202006788,24.51970544,78.10286245,Maize
6.200436451,24.52725837,77.60003192,Maize
6.198866113,24.53481129,77.09720138,Maize
6.197295775,24.54236422,76.59437085,Maize
6.195725437,24.54991714,76.09154031,Maize
6.194155099,24.55747007,75.58870977,Maize
6.192584761,24.565023,75.08587924,Maize
6.191014424,24.57257592,74.5830487,Maize
6.189444086,24.58012885,74.08021816,Maize
6.187873748,24.58768177,73.57738763,Maize
6.18630341,24.5952347,73.07455709,Maize
6.184733072,24.60278763,72.57172655,Maize
6.183162734,24.61034055,72.06889602,Maize
6.181592397,24.61789348,71.56606548,Maize
6.180022059,24.6254464,71.06323494,Maize
6.178451721,24.63299933,70.56040441,Maize
6.176881383,24.64055226,70.05757387,Maize
6.175311045,24.64810518,69.55474333,Maize
6.173740707,24.65565811,69.0519128,Maize
5.813596408,19.84738283,44.33041906,Millet
6.69293189,15.16095313,49.45754835,Millet
6.000503503,19.75996814,37.38110347,Millet
7.171688834,18.72348562,41.60650219,Millet
6.803337373,15.10819384,44.26661384,Millet
6.198282859,15.5257781,38.55941588,Millet
7.169811537,18.31913333,36.55437239,Millet
7.07681966,16.47693409,49.56288619,Millet
6.361711151,15.26569773,45.55980598,Millet
7.47491773,15.02907681,49.27100103,Millet
6.969649481,18.48667847,49.15700601,Millet
6.058100655,19.92200702,49.89943209,Millet
6.269327623,19.16428189,41.42231367,Millet
6.214066758,19.56619616,38.07099663,Millet
6.191218206,16.02356285,41.14325526,Millet
7.18800877,19.77833013,43.44211276,Millet
6.474749996,19.05545435,41.34494776,Millet
6.611223277,15.54923588,38.87497626,Millet
7.393555389,19.08021142,44.10345349,Millet
6.021743638,18.66954786,37.54563621,Millet
6.670841332,18.36387448,41.46780175,Millet
6.676848865,18.424662,41.31447906,Millet
6.682856397,18.48544953,41.16115638,Millet
6.68886393,18.54623705,41.00783369,Millet
6.694871463,18.60702457,40.85451101,Millet
6.700878996,18.6678121,40.70118833,Millet
6.706886529,18.72859962,40.54786564,Millet
6.712894062,18.78938715,40.39454296,Millet
6.718901595,18.85017467,40.24122027,Millet
6.724909127,18.91096219,40.08789759,Millet
6.73091666,18.97174972,39.93457491,Millet
6.736924193,19.03253724,39.78125222,Millet
6.742931726,19.09332476,39.62792954,Millet
6.748939259,19.15411229,39.47460685,Millet
6.754946792,19.21489981,39.32128417,Millet
6.760954324,19.27568733,39.16796149,Millet
6.766961857,19.33647486,39.0146388,Millet
6.77296939,19.39726238,38.86131612,Millet
6.778976923,19.4580499,38.70799344,Millet
6.784984456,19.51883743,38.55467075,Millet
6.790991989,19.57962495,38.40134807,Millet
6.796999522,19.64041248,38.24802538,Millet
6.803007054,19.7012,38.0947027,Millet
6.809014587,19.76198752,37.94138002,Millet
6.81502212,19.82277505,37.78805733,Millet
6.821029653,19.88356257,37.63473465,Millet
6.827037186,19.94435009,37.48141196,Millet
6.833044719,20.00513762,37.32808928,Millet
6.839052251,20.06592514,37.1747666,Millet
6.845059784,20.12671266,37.02144391,Millet
6.779298422,24.51561984,34.14686451,Soyabean
6.442900861,22.93308336,47.88323113,Soyabean
6.114050829,21.09411661,216.1837296,Soyabean
6.190503996,22.33093204,100.6796373,Soyabean
5.947954265,23.83213555,198.4548465,Soyabean
6.229098555,22.25064653,32.60027493,Soyabean
6.480476654,24.09469252,26.70722156,Soyabean
6.553307372,23.5989389,91.41365572,Soyabean
6.760291848,22.84746363,216.0022097,Soyabean
6.771286941,22.72488112,127.1511534,Soyabean
6.507341277,20.46747581,166.7572922,Soyabean
5.897799846,22.88718402,46.39824613,Soyabean
5.640627605,24.08992835,124.9926886,Soyabean
5.680482005,23.61056547,247.5150889,Soyabean
6.036787779,24.89804555,222.4005837,Soyabean
6.618453071,24.92587818,108.0074304,Soyabean
6.971421984,24.75169642,55.07581262,Soyabean
6.582827395,20.04537522,54.28884447,Soyabean
6.930990448,22.88273826,216.5161679,Soyabean
5.801772442,21.7117221,78.88816395,Soyabean
6.343236458,22.98040176,141.5494517,Soyabean
6.342889103,22.97618707,143.5443368,Soyabean
6.342541749,22.97197239,145.539222,Soyabean
6.342194394,22.9677577,147.5341072,Soyabean
6.34184704,22.96354301,149.5289924,Soyabean
6.341499685,22.95932832,151.5238776,Soyabean
6.341152331,22.95511364,153.5187628,Soyabean
6.340804976,22.95089895,155.513648,Soyabean
6.340457622,22.94668426,157.5085332,Soyabean
6.340110267,22.94246958,159.5034184,Soyabean
6.339762913,22.93825489,161.4983036,Soyabean
6.339415558,22.9340402,163.4931887,Soyabean
6.339068204,22.92982551,165.4880739,Soyabean
6.338720849,22.92561083,167.4829591,Soyabean
6.338373495,22.92139614,169.4778443,Soyabean
6.33802614,22.91718145,171.4727295,Soyabean
6.337678786,22.91296677,173.4676147,Soyabean
6.337331431,22.90875208,175.4624999,Soyabean
6.336984077,22.90453739,177.4573851,Soyabean
6.336636722,22.90032271,179.4522703,Soyabean
6.336289368,22.89610802,181.4471554,Soyabean
6.335942013,22.89189333,183.4420406,Soyabean
6.335594659,22.88767864,185.4369258,Soyabean
6.335247304,22.88346396,187.431811,Soyabean
6.33489995,22.87924927,189.4266962,Soyabean
6.334552595,22.87503458,191.4215814,Soyabean
6.334205241,22.8708199,193.4164666,Soyabean
6.333857886,22.86660521,195.4113518,Soyabean
6.333510532,22.86239052,197.406237,Soyabean
6.333163177,22.85817583,199.4011222,Soyabean
4.22579015,21.98902975,45.422868,Bajra
5.992727091,28.10228252,41.71835573,Bajra
5.047122192,23.31279456,59.9337172,Bajra
2.951674756,26.17782054,45.22552338,Bajra
4.294167726,27.93492692,55.16617975,Bajra
4.66435152,28.06636755,48.47161653,Bajra
2.723235238,27.42679175,67.57210102,Bajra
5.968752886,26.43965518,46.9764996,Bajra
5.214959686,20.89191942,73.02405508,Bajra
3.568523933,28.2880503,41.27859331,Bajra
1.127886836,27.71282194,56.91331648,Bajra
2.68219678,26.54290006,63.29120412,Bajra
5.496919329,22.52713027,41.08872146,Bajra
2.826218075,23.57125617,66.19638513,Bajra
5.884480647,24.53527399,45.31679363,Bajra
1.085354702,24.33262068,48.71306078,Bajra
3.898439019,29.95857403,50.57849534,Bajra
1.084672134,21.77544317,50.34977467,Bajra
4.176665628,29.19451859,71.70564978,Bajra
2.644210849,25.85669117,50.99709432,Bajra
2.640721181,25.8626137,56.57210566,Bajra
2.532416773,25.87506801,56.86497284,Bajra
2.424112366,25.88752232,57.15784002,Bajra
2.315807958,25.89997663,57.4507072,Bajra
2.207503551,25.91243094,57.74357438,Bajra
2.099199143,25.92488525,58.03644156,Bajra
1.990894736,25.93733956,58.32930874,Bajra
1.882590329,25.94979387,58.62217592,Bajra
1.774285921,25.96224819,58.9150431,Bajra
1.665981514,25.9747025,59.20791029,Bajra
1.557677106,25.98715681,59.50077747,Bajra
1.449372699,25.99961112,59.79364465,Bajra
1.341068291,26.01206543,60.08651183,Bajra
1.232763884,26.02451974,60.37937901,Bajra
1.124459476,26.03697405,60.67224619,Bajra
1.016155069,26.04942836,60.96511337,Bajra
0.907850662,26.06188268,61.25798055,Bajra
0.799546254,26.07433699,61.55084773,Bajra
0.691241847,26.0867913,61.84371491,Bajra
0.582937439,26.09924561,62.13658209,Bajra
0.474633032,26.11169992,62.42944927,Bajra
0.366328624,26.12415423,62.72231645,Bajra
0.258024217,26.13660854,63.01518363,Bajra
0.149719809,26.14906285,63.30805081,Bajra
0.041415402,26.16151717,63.60091799,Bajra
-0.066889005,26.17397148,63.89378517,Bajra
-0.175193413,26.18642579,64.18665235,Bajra
-0.28349782,26.1988801,64.47951953,Bajra
-0.391802228,26.21133441,64.77238671,Bajra
-0.500106635,26.22378872,65.06525389,Bajra
5.625414661,19.73250358,153.637855,potatoes
5.564601722,16.59397894,176.3631764,potatoes
4.943743779,15.90493841,181.6810732,potatoes
5.161128181,15.59218253,138.1481316,potatoes
5.754850354,17.94218429,159.9109823,potatoes
5.461343398,15.9509653,198.2588477,potatoes
5.179273395,16.95007301,149.4033949,potatoes
5.494834584,15.61098975,162.7712811,potatoes
5.198824585,16.11946816,171.3812941,potatoes
4.808821317,19.82966601,160.1709689,potatoes
5.203804428,16.20641071,154.7896186,potatoes
5.253272427,19.92776157,138.3083567,potatoes
4.873465772,16.69671145,178.2534847,potatoes
5.176770638,15.6307703,168.8296678,potatoes
5.384033387,16.59060644,140.1773942,potatoes
5.20920468,16.60692865,188.6733249,potatoes
5.205295722,19.36336623,134.3083028,potatoes
5.480928754,19.21265112,131.0758979,potatoes
5.007114151,16.71669956,186.7174156,potatoes
5.290906025,17.56430574,167.254463,potatoes
5.133895314,17.66817632,158.2809282,potatoes
5.121515667,17.70922568,157.9261835,potatoes
5.109136021,17.75027503,157.5714389,potatoes
5.096756375,17.79132439,157.2166943,potatoes
5.084376729,17.83237374,156.8619497,potatoes
5.071997083,17.8734231,156.5072051,potatoes
5.059617437,17.91447246,156.1524605,potatoes
5.047237791,17.95552181,155.7977159,potatoes
5.034858144,17.99657117,155.4429713,potatoes
5.022478498,18.03762052,155.0882267,potatoes
5.010098852,18.07866988,154.733482,potatoes
4.997719206,18.11971923,154.3787374,potatoes
4.98533956,18.16076859,154.0239928,potatoes
4.972959914,18.20181795,153.6692482,potatoes
4.960580268,18.2428673,153.3145036,potatoes
4.948200621,18.28391666,152.959759,potatoes
4.935820975,18.32496601,152.6050144,potatoes
4.923441329,18.36601537,152.2502698,potatoes
4.911061683,18.40706472,151.8955252,potatoes
4.898682037,18.44811408,151.5407805,potatoes
4.886302391,18.48916343,151.1860359,potatoes
4.873922745,18.53021279,150.8312913,potatoes
4.861543098,18.57126215,150.4765467,potatoes
4.849163452,18.6123115,150.1218021,potatoes
4.836783806,18.65336086,149.7670575,potatoes
4.82440416,18.69441021,149.4123129,potatoes
4.812024514,18.73545957,149.0575683,potatoes
4.799644868,18.77650892,148.7028237,potatoes
4.787265222,18.81755828,148.348079,potatoes
4.774885575,18.85860764,147.9933344,potatoes
5.546709161,204.4042925,160.8147404,lemons
5.985129566,14.56142537,209.0522805,lemons
5.743896378,10.37745331,232.6964868,lemons
5.638678953,25.28142473,248.5645062,lemons
6.072051659,10.51350577,239.2135595,lemons
6.108075897,22.67224164,249.6924515,lemons
6.091652148,21.5338464,91.84193524,lemons
6.207746595,23.49031411,90.13695909,lemons
6.398609842,13.40789508,104.2520542,lemons
6.06443195,18.20251953,206.5164898,lemons
6.022933819,22.49633932,201.8435399,lemons
5.509074777,31.21004334,113.0232156,lemons
5.917359292,13.92850742,157.4922533,lemons
6.472129379,24.98353097,167.6252597,lemons
6.053064077,16.36881016,183.4613736,lemons
5.972363108,19.01773307,213.35884,lemons
6.049984406,28.38427214,133.0319657,lemons
6.186918208,12.95909193,81.62350075,lemons
5.745511272,21.02098254,76.73151045,lemons
5.659557467,19.73726133,223.8702664,lemons
6.027340152,3.078009654,131.2606022,lemons
6.032582652,0.635193952,127.643311,lemons
6.037825152,-1.807621751,124.0260198,lemons
6.043067653,-4.250437454,120.4087287,lemons
6.048310153,-6.693253156,116.7914375,lemons
6.053552653,-9.136068859,113.1741463,lemons
6.058795154,-11.57888456,109.5568552,lemons
6.064037654,-14.02170026,105.939564,lemons
6.069280155,-16.46451597,102.3222728,lemons
6.074522655,-18.90733167,98.70498166,lemons
6.079765155,-21.35014737,95.08769049,lemons
6.085007656,-23.79296308,91.47039932,lemons
6.090250156,-26.23577878,87.85310816,lemons
6.095492656,-28.67859448,84.23581699,lemons
6.100735157,-31.12141018,80.61852582,lemons
6.105977657,-33.56422589,77.00123465,lemons
6.111220157,-36.00704159,73.38394349,lemons
6.116462658,-38.44985729,69.76665232,lemons
6.121705158,-40.89267299,66.14936115,lemons
6.126947659,-43.3354887,62.53206998,lemons
6.132190159,-45.7783044,58.91477881,lemons
6.137432659,-48.2211201,55.29748765,lemons
6.14267516,-50.66393581,51.68019648,lemons
6.14791766,-53.10675151,48.06290531,lemons
6.15316016,-55.54956721,44.44561414,lemons
6.158402661,-57.99238291,40.82832298,lemons
6.163645161,-60.43519862,37.21103181,lemons
6.168887662,-62.87801432,33.59374064,lemons
6.174130162,-65.32083002,29.97644947,lemons
6.179372662,-67.76364572,26.3591583,lemons
6.313885892,26,76.15924421,gourds
6.678183304,24.69495,150.3529937,gourds
6.120627077,22.12984637,139.7069297,gourds
6.727977878,28.20225436,110.8737556,gourds
6.677207252,24.18435094,137.7773015,gourds
6.88003022,22.46566596,130.3338717,gourds
6.577104794,25.78476856,122.4450274,gourds
6.637053905,26.67827102,104.1180597,gourds
6.970851052,31.02235746,77.20593018,gourds
6.557420098,28.38550233,127.1113185,gourds
6.304589804,28.58892671,101.0063035,gourds
6.974272448,26.26858397,139.6043294,gourds
6.524189626,20.23497556,168.1110057,gourds
6.011823111,30.62272058,129.5033821,gourds
6.114344827,24.05034861,92.93556435,gourds
6.652108224,22.12330153,119.5100468,gourds
6.428907754,23.86523687,166.2176468,gourds
6.370182049,26.7350325,82.24740996,gourds
6.798579267,21.1480798,122.6408116,gourds
6.869130303,20.78271327,79.95006025,gourds
6.563534005,23.87565654,114.5597735,gourds
6.563925487,23.74968151,114.1473187,gourds
6.564316969,23.62370649,113.7348638,gourds
6.564708451,23.49773146,113.3224089,gourds
6.565099933,23.37175643,112.9099541,gourds
6.565491415,23.24578141,112.4974992,gourds
6.565882897,23.11980638,112.0850443,gourds
6.566274379,22.99383135,111.6725895,gourds
6.566665861,22.86785632,111.2601346,gourds
6.567057343,22.7418813,110.8476797,gourds
6.567448825,22.61590627,110.4352248,gourds
6.567840307,22.48993124,110.02277,gourds
6.568231789,22.36395622,109.6103151,gourds
6.568623271,22.23798119,109.1978602,gourds
6.569014753,22.11200616,108.7854054,gourds
6.569406235,21.98603114,108.3729505,gourds
6.569797716,21.86005611,107.9604956,gourds
6.570189198,21.73408108,107.5480408,gourds
6.57058068,21.60810606,107.1355859,gourds
6.570972162,21.48213103,106.723131,gourds
6.571363644,21.356156,106.3106762,gourds
6.571755126,21.23018098,105.8982213,gourds
6.572146608,21.10420595,105.4857664,gourds
6.57253809,20.97823092,105.0733116,gourds
6.572929572,20.8522559,104.6608567,gourds
6.573321054,20.72628087,104.2484018,gourds
6.573712536,20.60030584,103.835947,gourds
6.574104018,20.47433082,103.4234921,gourds
6.5744955,20.34835579,103.0110372,gourds
6.574886982,20.22238076,102.5985824,gourds
6.081193096,29.42393378,64.23981051,brinjal
6.447134896,29.06348581,97.17792304,brinjal
6.43901865,31.2995172,89.07152917,brinjal
6.10486687,30.42669546,78.89697472,brinjal
6.023400077,36.41913703,93.80243851,brinjal
5.550518283,26.74054239,93.89942817,brinjal
6.259608673,29.80628414,97.85585519,brinjal
5.883953736,26.60869709,59.64224733,brinjal
6.308215312,30.82753367,86.57576627,brinjal
6.281854218,29.12362511,91.60956258,brinjal
6.233281793,31.26652951,54.73085713,brinjal
5.57991184,32.45441097,65.9330399,brinjal
6.186624053,26.48698689,72.22292578,brinjal
5.784001205,27.77954913,58.34662172,brinjal
5.994442843,35.88209727,95.6501458,brinjal
5.951414498,33.16959974,82.21161012,brinjal
5.735455312,29.89486555,73.9950631,brinjal
6.031709352,35.53510523,60.34526508,brinjal
5.566543612,32.52226743,50.55516949,brinjal
6.419657732,26.28341689,92.00400632,brinjal
5.882899903,31.29681735,68.59175924,brinjal
5.867638912,31.36787481,67.70161136,brinjal
5.852377922,31.43893227,66.81146348,brinjal
5.837116931,31.50998973,65.92131559,brinjal
5.821855941,31.58104719,65.03116771,brinjal
5.80659495,31.65210465,64.14101983,brinjal
5.79133396,31.72316211,63.25087195,brinjal
5.776072969,31.79421957,62.36072407,brinjal
5.760811979,31.86527703,61.47057619,brinjal
5.745550988,31.93633449,60.5804283,brinjal
5.730289998,32.00739195,59.69028042,brinjal
5.715029007,32.07844941,58.80013254,brinjal
5.699768017,32.14950687,57.90998466,brinjal
5.684507026,32.22056433,57.01983678,brinjal
5.669246036,32.29162179,56.1296889,brinjal
5.653985045,32.36267925,55.23954101,brinjal
5.638724055,32.43373671,54.34939313,brinjal
5.623463065,32.50479417,53.45924525,brinjal
5.608202074,32.57585163,52.56909737,brinjal
5.592941084,32.64690909,51.67894949,brinjal
5.577680093,32.71796655,50.78880161,brinjal
5.562419103,32.78902401,49.89865372,brinjal
5.547158112,32.86008147,49.00850584,brinjal
5.531897122,32.93113893,48.11835796,brinjal
5.516636131,33.0021964,47.22821008,brinjal
5.501375141,33.07325386,46.3380622,brinjal
5.48611415,33.14431132,45.44791432,brinjal
5.47085316,33.21536878,44.55776643,brinjal
5.455592169,33.28642624,43.66761855,brinjal
5.440331179,33.3574837,42.77747067,brinjal
6.236677372,21.41542713,68.44087695,cauliflower
6.798446869,17.15831769,67.84722205,cauliflower
6.220589257,18.55097924,72.1117683,cauliflower
6.453782462,21.97615427,99.23740569,cauliflower
6.33881309,20.5946464,62.78888786,cauliflower
6.531833441,20.38406084,65.04009872,cauliflower
6.882160479,19.26447258,58.67295297,cauliflower
6.144862551,22.08067724,67.79334872,cauliflower
6.700513119,21.01147153,89.47628045,cauliflower
6.262329739,19.15984098,89.92436275,cauliflower
6.47646121,19.44089186,86.1476669,cauliflower
6.389650712,18.36443314,86.99324387,cauliflower
6.690117835,18.06408146,59.35038852,cauliflower
6.898834952,22.46575213,59.09376991,cauliflower
6.141641454,17.06763746,91.64147269,cauliflower
6.898857765,20.83055745,52.19023467,cauliflower
6.69762546,21.98866819,62.79499797,cauliflower
6.376959078,21.24978216,85.81816171,cauliflower
6.19097453,22.02106644,51.02902299,cauliflower
6.742454547,20.00467299,72.24709084,cauliflower
6.579244152,20.65931311,69.19974357,cauliflower
6.586440805,20.70737345,68.89191317,cauliflower
6.593637458,20.75543378,68.58408278,cauliflower
6.60083411,20.80349412,68.27625238,cauliflower
6.608030763,20.85155446,67.96842198,cauliflower
6.615227416,20.8996148,67.66059159,cauliflower
6.622424069,20.94767514,67.35276119,cauliflower
6.629620722,20.99573548,67.0449308,cauliflower
6.636817375,21.04379581,66.7371004,cauliflower
6.644014028,21.09185615,66.42927,cauliflower
6.651210681,21.13991649,66.12143961,cauliflower
6.658407334,21.18797683,65.81360921,cauliflower
6.665603987,21.23603717,65.50577882,cauliflower
6.67280064,21.2840975,65.19794842,cauliflower
6.679997292,21.33215784,64.89011802,cauliflower
6.687193945,21.38021818,64.58228763,cauliflower
6.694390598,21.42827852,64.27445723,cauliflower
6.701587251,21.47633886,63.96662684,cauliflower
6.708783904,21.52439919,63.65879644,cauliflower
6.715980557,21.57245953,63.35096604,cauliflower
6.72317721,21.62051987,63.04313565,cauliflower
6.730373863,21.66858021,62.73530525,cauliflower
6.737570516,21.71664055,62.42747486,cauliflower
6.744767169,21.76470088,62.11964446,cauliflower
6.751963822,21.81276122,61.81181406,cauliflower
6.759160475,21.86082156,61.50398367,cauliflower
6.766357127,21.9088819,61.19615327,cauliflower
6.77355378,21.95694224,60.88832288,cauliflower
6.780750433,22.00500257,60.58049248,cauliflower
6.787947086,22.05306291,60.27266208,cauliflower
6.39778477,24.29688826,61.57419021,green pea
6.563645471,21.23845336,58.59758753,green pea
6.181669974,12.21610089,64.57882138,green pea
6.133401352,18.29760109,61.24234957,green pea
5.877579452,11.88618109,30.97400523,green pea
6.580579017,20.97951745,58.13690593,green pea
6.531264744,20.12677288,52.85206032,green pea
6.485097235,18.70155156,34.06671784,green pea
6.785453445,29.94881139,63.72356844,green pea
6.323881803,21.40324021,36.37069904,green pea
6.617637903,17.98662758,30.83019059,green pea
5.887974961,23.96675783,60.19030163,green pea
6.687310685,10.26200156,45.62981677,green pea
5.908086385,10.40801513,40.47026388,green pea
6.593412761,21.64143467,65.42963936,green pea
6.140795702,10.24263577,41.74039917,green pea
5.826401351,15.6532069,32.99465979,green pea
6.774507142,15.29037899,32.31334689,green pea
6.080038124,15.13305649,43.58931561,green pea
6.434169391,27.1418391,50.03440751,green pea
6.298160075,16.90646778,38.89961207,green pea
6.294124407,16.76984056,38.00748347,green pea
6.29008874,16.63321334,37.11535488,green pea
6.286053072,16.49658612,36.22322628,green pea
6.282017405,16.35995889,35.33109768,green pea
6.277981737,16.22333167,34.43896909,green pea
6.27394607,16.08670445,33.54684049,green pea
6.269910402,15.95007723,32.65471189,green pea
6.265874735,15.81345001,31.7625833,green pea
6.261839067,15.67682279,30.8704547,green pea
6.2578034,15.54019556,29.9783261,green pea
6.253767732,15.40356834,29.08619751,green pea
6.249732065,15.26694112,28.19406891,green pea
6.245696397,15.1303139,27.30194031,green pea
6.24166073,14.99368668,26.40981172,green pea
6.237625062,14.85705946,25.51768312,green pea
6.233589395,14.72043223,24.62555452,green pea
6.229553727,14.58380501,23.73342593,green pea
6.22551806,14.44717779,22.84129733,green pea
6.221482392,14.31055057,21.94916873,green pea
6.217446725,14.17392335,21.05704014,green pea
6.213411057,14.03729613,20.16491154,green pea
6.20937539,13.9006689,19.27278294,green pea
6.205339722,13.76404168,18.38065435,green pea
6.201304055,13.62741446,17.48852575,green pea
6.197268387,13.49078724,16.59639715,green pea
6.19323272,13.35416002,15.70426856,green pea
6.189197053,13.2175328,14.81213996,green pea
6.185161385,13.08090557,13.92001136,green pea
6.181125718,12.94427835,13.02788277,green pea
5.607494335,18.02315338,131.51255,pumpkins
5.988755174,23.74564447,75.22205559,pumpkins
5.763738892,19.09834497,111.3939811,pumpkins
5.543355037,26.35710573,120.8015578,pumpkins
6.419328556,19.92161277,94.52686495,pumpkins
6.026555853,24.6789518,146.5720081,pumpkins
5.734598605,26.43108117,63.20769947,pumpkins
6.488683519,25.27911907,119.2667685,pumpkins
5.688032703,19.28302621,65.60837418,pumpkins
6.069213455,26.10466839,61.43031042,pumpkins
6.148200456,21.06846176,104.4140729,pumpkins
5.518253194,22.29139972,80.449321,pumpkins
6.324639942,19.63214247,133.7615225,pumpkins
6.043981302,22.06400728,149.8117533,pumpkins
5.946702254,22.10801645,97.67695927,pumpkins
5.843673727,20.02996261,130.3602145,pumpkins
5.629809936,21.07135393,60.05526608,pumpkins
5.673025722,22.80013968,115.2428474,pumpkins
5.954855728,18.50928345,102.0610577,pumpkins
5.907009174,21.12345936,102.5394933,pumpkins
5.906063258,21.033187,102.459889,pumpkins
5.905117342,20.94291465,102.3802848,pumpkins
5.904171426,20.85264229,102.3006805,pumpkins
5.90322551,20.76236993,102.2210762,pumpkins
5.902279593,20.67209758,102.1414719,pumpkins
5.901333677,20.58182522,102.0618677,pumpkins
5.900387761,20.49155287,101.9822634,pumpkins
5.899441845,20.40128051,101.9026591,pumpkins
5.898495929,20.31100816,101.8230548,pumpkins
5.897550012,20.2207358,101.7434506,pumpkins
5.896604096,20.13046345,101.6638463,pumpkins
5.89565818,20.04019109,101.584242,pumpkins
5.894712264,19.94991874,101.5046377,pumpkins
5.893766348,19.85964638,101.4250335,pumpkins
5.892820431,19.76937402,101.3454292,pumpkins
5.891874515,19.67910167,101.2658249,pumpkins
5.890928599,19.58882931,101.1862207,pumpkins
5.889982683,19.49855696,101.1066164,pumpkins
5.889036767,19.4082846,101.0270121,pumpkins
5.88809085,19.31801225,100.9474078,pumpkins
5.887144934,19.22773989,100.8678036,pumpkins
5.886199018,19.13746754,100.7881993,pumpkins
5.885253102,19.04719518,100.708595,pumpkins
5.884307186,18.95692282,100.6289907,pumpkins
5.88336127,18.86665047,100.5493865,pumpkins
5.882415353,18.77637811,100.4697822,pumpkins
5.881469437,18.68610576,100.3901779,pumpkins
5.880523521,18.5958334,100.3105736,pumpkins
5.879577605,18.50556105,100.2309694,pumpkins
5.878631689,18.41528869,100.1513651,pumpkins
5.818989303,20.34558754,84.06518539,cabbages
6.477614732,16.29735787,50.50961457,cabbages
6.484385229,19.59852485,97.01741352,cabbages
6.422655863,19.58099449,80.67670093,cabbages
6.728042016,20.18249141,132.5317456,cabbages
6.386870737,17.59540384,128.6490357,cabbages
6.357396738,20.22839587,94.65763563,cabbages
6.126031321,20.45199612,79.70319592,cabbages
6.059406041,18.25904372,98.32601582,cabbages
5.848356911,15.5818762,88.30456602,cabbages
5.814469851,15.98853873,90.88568387,cabbages
6.357382294,15.05266456,82.38092695,cabbages
6.464685213,15.44049428,100.0668634,cabbages
5.853740261,15.90884276,123.4035921,cabbages
6.266967126,20.38699985,100.3349644,cabbages
6.66954415,19.63824135,84.43924081,cabbages
6.389916282,20.48710435,133.7781782,cabbages
6.578655385,15.17187377,104.9264609,cabbages
5.950205847,17.74528108,85.77663324,cabbages
6.38573726,16.67571403,66.28717953,cabbages
6.272808981,16.88532542,99.63594013,cabbages
6.272881015,16.77622581,100.0454543,cabbages
6.272953048,16.6671262,100.4549684,cabbages
6.273025082,16.55802659,100.8644826,cabbages
6.273097116,16.44892697,101.2739967,cabbages
6.273169149,16.33982736,101.6835108,cabbages
6.273241183,16.23072775,102.093025,cabbages
6.273313216,16.12162814,102.5025391,cabbages
6.27338525,16.01252853,102.9120533,cabbages
6.273457284,15.90342892,103.3215674,cabbages
6.273529317,15.79432931,103.7310816,cabbages
6.273601351,15.6852297,104.1405957,cabbages
6.273673385,15.57613009,104.5501099,cabbages
6.273745418,15.46703048,104.959624,cabbages
6.273817452,15.35793086,105.3691381,cabbages
6.273889485,15.24883125,105.7786523,cabbages
6.273961519,15.13973164,106.1881664,cabbages
6.274033553,15.03063203,106.5976806,cabbages
6.274105586,14.92153242,107.0071947,cabbages
6.27417762,14.81243281,107.4167089,cabbages
6.274249654,14.7033332,107.826223,cabbages
6.274321687,14.59423359,108.2357371,cabbages
6.274393721,14.48513398,108.6452513,cabbages
6.274465754,14.37603437,109.0547654,cabbages
6.274537788,14.26693475,109.4642796,cabbages
6.274609822,14.15783514,109.8737937,cabbages
6.274681855,14.04873553,110.2833079,cabbages
6.274753889,13.93963592,110.692822,cabbages
6.274825923,13.83053631,111.1023361,cabbages
6.274897956,13.7214367,111.5118503,cabbages
6.237891773,13.34464895,82.30527542,onions
6.033955197,15.416783,89.39183427,onions
6.267717978,15.28315475,40.45160849,onions
6.126523635,22.5700588,40.25279171,onions
6.001565044,18.70931176,52.70483583,onions
6.407567401,23.70623548,56.83264872,onions
7.210041237,22.31025854,34.08569017,onions
6.608543978,22.85014825,50.27023172,onions
7.170800709,24.41542808,33.42722583,onions
6.863934229,20.61918759,27.34443254,onions
6.639400359,22.57807697,57.91320312,onions
7.332588356,21.95823625,47.5243416,onions
6.306148836,16.6531397,32.796306,onions
7.389531502,24.79298748,28.33223805,onions
6.055248107,13.14394819,58.85403532,onions
6.586859907,16.4809992,44.68591963,onions
6.816208299,18.56321308,80.6225415,onions
6.987285786,18.32121299,75.31559263,onions
7.16827358,16.64295639,52.51208854,onions
6.028327894,12.36739771,99.7882957,onions
6.914555729,17.90875129,59.22994323,onions
6.943378114,17.80135911,59.70226574,onions
6.972200499,17.69396693,60.17458826,onions
7.001022884,17.58657476,60.64691077,onions
7.029845268,17.47918258,61.11923328,onions
7.058667653,17.3717904,61.5915558,onions
7.087490038,17.26439822,62.06387831,onions
7.116312422,17.15700604,62.53620083,onions
7.145134807,17.04961387,63.00852334,onions
7.173957192,16.94222169,63.48084585,onions
7.202779576,16.83482951,63.95316837,onions
7.231601961,16.72743733,64.42549088,onions
7.260424346,16.62004515,64.89781339,onions
7.28924673,16.51265298,65.37013591,onions
7.318069115,16.4052608,65.84245842,onions
7.3468915,16.29786862,66.31478093,onions
7.375713884,16.19047644,66.78710345,onions
7.404536269,16.08308426,67.25942596,onions
7.433358654,15.97569209,67.73174847,onions
7.462181038,15.86829991,68.20407099,onions
7.491003423,15.76090773,68.6763935,onions
7.519825808,15.65351555,69.14871601,onions
7.548648192,15.54612337,69.62103853,onions
7.577470577,15.4387312,70.09336104,onions
7.606292962,15.33133902,70.56568355,onions
7.635115347,15.22394684,71.03800607,onions
7.663937731,15.11655466,71.51032858,onions
7.692760116,15.00916248,71.9826511,onions
7.721582501,14.90177031,72.45497361,onions
7.750404885,14.79437813,72.92729612,onions
6.737840854,27.73579382,92.42962434,pigeon peas
7.309829253,29.10453194,79.64116448,pigeon peas
7.468899314,29.88600879,59.77576544,pigeon peas
7.16952556,25.42371892,82.16852084,pigeon peas
7.456770446,26.92378662,68.76583734,pigeon peas
6.599913387,26.81303727,71.84368213,pigeon peas
6.803095403,25.92620618,76.4905307,pigeon peas
6.974852542,28.67095662,78.03819884,pigeon peas
6.522987105,29.13907577,79.86225248,pigeon peas
6.935985732,25.85996893,59.02521889,pigeon peas
7.237064595,27.37835291,68.20996605,pigeon peas
7.226489376,30.05130991,75.42184331,pigeon peas
6.542978969,29.68216297,55.75346499,pigeon peas
6.858484432,26.00130374,54.20690654,pigeon peas
7.39590553,30.71183449,77.32554955,pigeon peas
7.145874773,26.46331847,60.00649919,pigeon peas
6.665404746,27.28552455,99.13345485,pigeon peas
7.123544349,32.77187586,75.70877275,pigeon peas
7.357787195,27.55228164,55.30811082,pigeon peas
6.814619287,33.26328995,72.8562668,pigeon peas
6.977320522,29.80053126,67.00980874,pigeon peas
6.97350413,29.94037072,66.52516371,pigeon peas
6.969687737,30.08021017,66.04051868,pigeon peas
6.965871345,30.22004963,65.55587366,pigeon peas
6.962054952,30.35988909,65.07122863,pigeon peas
6.95823856,30.49972854,64.58658361,pigeon peas
6.954422167,30.639568,64.10193858,pigeon peas
6.950605775,30.77940745,63.61729355,pigeon peas
6.946789383,30.91924691,63.13264853,pigeon peas
6.94297299,31.05908637,62.6480035,pigeon peas
6.939156598,31.19892582,62.16335847,pigeon peas
6.935340205,31.33876528,61.67871345,pigeon peas
6.931523813,31.47860474,61.19406842,pigeon peas
6.927707421,31.61844419,60.70942339,pigeon peas
6.923891028,31.75828365,60.22477837,pigeon peas
6.920074636,31.89812311,59.74013334,pigeon peas
6.916258243,32.03796256,59.25548831,pigeon peas
6.912441851,32.17780202,58.77084329,pigeon peas
6.908625458,32.31764147,58.28619826,pigeon peas
6.904809066,32.45748093,57.80155323,pigeon peas
6.900992674,32.59732039,57.31690821,pigeon peas
6.897176281,32.73715984,56.83226318,pigeon peas
6.893359889,32.8769993,56.34761815,pigeon peas
6.889543496,33.01683876,55.86297313,pigeon peas
6.885727104,33.15667821,55.3783281,pigeon peas
6.881910712,33.29651767,54.89368307,pigeon peas
6.878094319,33.43635713,54.40903805,pigeon peas
6.874277927,33.57619658,53.92439302,pigeon peas
6.870461534,33.71603604,53.43974799,pigeon peas
6.866645142,33.8558755,52.95510297,pigeon peas
4.281519247,24.81001708,241.4178674,teas
4.158265159,25.89667427,240.3701357,teas
4.65636261,24.55783913,165.42545,teas
4.77661129,28.1141825,191.3658617,teas
5.082585356,24.55141626,216.4679243,teas
4.055497681,25.25712678,222.6150526,teas
4.495693069,23.61498939,229.3892886,teas
4.900543339,21.34848809,220.1995707,teas
5.385245067,26.25079006,238.2587436,teas
4.024025558,24.61863321,164.09042,teas
4.040753193,26.80701788,192.9309266,teas
4.90549669,24.37563216,190.870005,teas
4.434343285,25.03183797,151.012679,teas
5.119831925,25.0926104,217.5018594,teas
4.531567613,24.01329797,152.2214533,teas
4.090885388,26.39444568,246.5360956,teas
4.198120624,25.52532864,196.1737602,teas
5.081546412,26.2844753,230.4994459,teas
4.077173098,26.77367272,207.7792465,teas
4.446481193,21.25322303,153.96014,teas
4.494531134,24.82313388,187.4880279,teas
4.490474348,24.80356711,185.9674309,teas
4.486417562,24.78400035,184.4468339,teas
4.482360775,24.76443358,182.9262369,teas
4.478303989,24.74486681,181.4056399,teas
4.474247203,24.72530005,179.8850429,teas
4.470190417,24.70573328,178.3644459,teas
4.46613363,24.68616652,176.8438489,teas
4.462076844,24.66659975,175.323252,teas
4.458020058,24.64703298,173.802655,teas
4.453963272,24.62746622,172.282058,teas
4.449906485,24.60789945,170.761461,teas
4.445849699,24.58833268,169.240864,teas
4.441792913,24.56876592,167.720267,teas
4.437736126,24.54919915,166.19967,teas
4.43367934,24.52963239,164.679073,teas
4.429622554,24.51006562,163.158476,teas
4.425565768,24.49049885,161.637879,teas
4.421508981,24.47093209,160.117282,teas
4.417452195,24.45136532,158.596685,teas
4.413395409,24.43179855,157.076088,teas
4.409338623,24.41223179,155.5554911,teas
4.405281836,24.39266502,154.0348941,teas
4.40122505,24.37309826,152.5142971,teas
4.397168264,24.35353149,150.9937001,teas
4.393111478,24.33396472,149.4731031,teas
4.389054691,24.31439796,147.9525061,teas
4.384997905,24.29483119,146.4319091,teas
4.380941119,24.27526442,144.9113121,teas
4.376884333,24.25569766,143.3907151,teas
6.074406827,18.78786732,206.7112216,coffee
7.132279174,23.41310667,170.0807294,coffee
6.411320215,19.9299303,195.1651258,coffee
6.647277349,24.95933575,204.3865909,coffee
6.808152885,18.10169559,201.0753903,coffee
6.333518671,26.95064691,185.421412,coffee
7.033267642,25.61076304,200.6428834,coffee
6.800531717,18.43533129,153.6134842,coffee
7.482029536,23.77120832,169.5106211,coffee
6.217487241,15.36166113,152.1569713,coffee
6.989700413,16.60970703,223.0602453,coffee
6.796452865,16.66450479,181.9314177,coffee
6.460800146,21.14918133,165.4858236,coffee
6.708380139,15.41563782,153.1596888,coffee
6.905416485,23.0296121,168.6997374,coffee
6.80164283,15.40485036,154.9603164,coffee
6.468566833,22.09107371,167.3691443,coffee
6.282044263,25.59110789,165.0431312,coffee
6.45757488,22.38922858,166.9673169,coffee
7.011073801,26.65641509,152.5059401,coffee
6.705957296,21.30748616,154.4881414,coffee
6.707372639,21.33523311,152.3539301,coffee
6.708787982,21.36298005,150.2197189,coffee
6.710203324,21.390727,148.0855076,coffee
6.711618667,21.41847394,145.9512964,coffee
6.71303401,21.44622088,143.8170851,coffee
6.714449353,21.47396783,141.6828738,coffee
6.715864696,21.50171477,139.5486626,coffee
6.717280039,21.52946172,137.4144513,coffee
6.718695382,21.55720866,135.2802401,coffee
6.720110725,21.5849556,133.1460288,coffee
6.721526067,21.61270255,131.0118176,coffee
6.72294141,21.64044949,128.8776063,coffee
6.724356753,21.66819644,126.7433951,coffee
6.725772096,21.69594338,124.6091838,coffee
6.727187439,21.72369032,122.4749725,coffee
6.728602782,21.75143727,120.3407613,coffee
6.730018125,21.77918421,118.20655,coffee
6.731433468,21.80693116,116.0723388,coffee
6.73284881,21.8346781,113.9381275,coffee
6.734264153,21.86242504,111.8039163,coffee
6.735679496,21.89017199,109.669705,coffee
6.737094839,21.91791893,107.5354937,coffee
6.738510182,21.94566588,105.4012825,coffee
6.739925525,21.97341282,103.2670712,coffee
6.741340868,22.00115976,101.13286,coffee
6.742756211,22.02890671,98.99864871,coffee
6.744171553,22.05665365,96.86443746,coffee
6.745586896,22.0844006,94.7302262,coffee
6.747002239,22.11214754,92.59601494,coffee
5.534084853,18.01421036,162.4131063,Cardamom
6.303002378,16.92771033,299.4389024,Cardamom
6.458919463,16.08428317,250.90585,Cardamom
6.241308483,33.42871513,186.3296296,Cardamom
5.708211059,24.00365884,270.2657979,Cardamom
6.303733915,27.8368594,290.5495092,Cardamom
5.705363261,22.01354959,320.1142238,Cardamom
5.826492157,16.10185033,395.3902605,Cardamom
6.370404869,29.44258732,256.0543646,Cardamom
6.124746684,24.46278956,190.7730466,Cardamom
6.221737008,21.29900222,222.2229099,Cardamom
6.043916082,24.63617182,166.8340618,Cardamom
6.034457775,22.17624517,200.501541,Cardamom
5.898506922,32.73752284,286.2889118,Cardamom
6.438164536,20.66402783,381.9970793,Cardamom
6.368595154,28.6886884,390.8050852,Cardamom
6.154866073,15.25587846,380.8478252,Cardamom
5.866073858,30.61085473,229.6889958,Cardamom
6.275984707,17.4937326,253.5715168,Cardamom
5.627302151,22.82953123,378.6781998,Cardamom
6.085389763,24.47961793,324.9569889,Cardamom
6.086351305,24.5981155,329.6496982,Cardamom
6.087312847,24.71661307,334.3424076,Cardamom
6.088274389,24.83511064,339.0351169,Cardamom
6.089235932,24.95360821,343.7278262,Cardamom
6.090197474,25.07210578,348.4205356,Cardamom
6.091159016,25.19060334,353.1132449,Cardamom
6.092120558,25.30910091,357.8059542,Cardamom
6.093082101,25.42759848,362.4986636,Cardamom
6.094043643,25.54609605,367.1913729,Cardamom
6.095005185,25.66459362,371.8840822,Cardamom
6.095966727,25.78309119,376.5767916,Cardamom
6.09692827,25.90158876,381.2695009,Cardamom
6.097889812,26.02008632,385.9622103,Cardamom
6.098851354,26.13858389,390.6549196,Cardamom
6.099812896,26.25708146,395.3476289,Cardamom
6.100774438,26.37557903,400.0403383,Cardamom
6.101735981,26.4940766,404.7330476,Cardamom
6.102697523,26.61257417,409.4257569,Cardamom
6.103659065,26.73107173,414.1184663,Cardamom
6.104620607,26.8495693,418.8111756,Cardamom
6.10558215,26.96806687,423.5038849,Cardamom
6.106543692,27.08656444,428.1965943,Cardamom
6.107505234,27.20506201,432.8893036,Cardamom
6.108466776,27.32355958,437.5820129,Cardamom
6.109428319,27.44205714,442.2747223,Cardamom
6.110389861,27.56055471,446.9674316,Cardamom
6.111351403,27.67905228,451.6601409,Cardamom
6.112312945,27.79754985,456.3528503,Cardamom
6.113274487,27.91604742,461.0455596,Cardamom
6.735470486,15.19932266,72.60903465,Garlic
6.076143513,20.91794292,90.24646358,Garlic
7.077520108,17.4156864,90.31138023,Garlic
6.480936806,16.81307199,66.22250554,Garlic
6.296115379,23.9872509,85.24759347,Garlic
6.863234153,15.72211306,111.2030708,Garlic
6.343517325,15.62971969,86.57280154,Garlic
7.213420023,15.46279503,94.58176356,Garlic
7.413795063,20.51953651,98.84487137,Garlic
7.392070499,13.86726823,111.8163499,Garlic
6.0461293,14.23639934,97.23146913,Garlic
6.208806256,16.89459974,110.9630297,Garlic
7.448995094,17.14451715,82.81684242,Garlic
7.426287785,17.68611285,105.421862,Garlic
6.432634602,20.78787378,104.6387035,Garlic
6.426324841,15.63812226,101.0516324,Garlic
7.266814659,23.41349257,118.9937151,Garlic
6.125315836,21.14678582,109.3609929,Garlic
7.002251157,18.85928771,114.9563143,Garlic
6.221130743,22.10785745,117.508262,Garlic
6.75056667,19.78369383,117.9081663,Garlic
6.753016288,19.93714202,119.7537123,Garlic
6.755465906,20.09059021,121.5992584,Garlic
6.757915524,20.2440384,123.4448044,Garlic
6.760365142,20.3974866,125.2903505,Garlic
6.76281476,20.55093479,127.1358965,Garlic
6.765264378,20.70438298,128.9814425,Garlic
6.767713996,20.85783117,130.8269886,Garlic
6.770163614,21.01127937,132.6725346,Garlic
6.772613232,21.16472756,134.5180806,Garlic
6.77506285,21.31817575,136.3636267,Garlic
6.777512468,21.47162395,138.2091727,Garlic
6.779962086,21.62507214,140.0547188,Garlic
6.782411704,21.77852033,141.9002648,Garlic
6.784861322,21.93196852,143.7458108,Garlic
6.78731094,22.08541672,145.5913569,Garlic
6.789760558,22.23886491,147.4369029,Garlic
6.792210176,22.3923131,149.2824489,Garlic
6.794659794,22.54576129,151.127995,Garlic
6.797109412,22.69920949,152.973541,Garlic
6.79955903,22.85265768,154.8190871,Garlic
6.802008648,23.00610587,156.6646331,Garlic
6.804458266,23.15955406,158.5101791,Garlic
6.806907884,23.31300226,160.3557252,Garlic
6.809357502,23.46645045,162.2012712,Garlic
6.81180712,23.61989864,164.0468173,Garlic
6.814256738,23.77334684,165.8923633,Garlic
6.816706356,23.92679503,167.7379093,Garlic
6.819155974,24.08024322,169.5834554,Garlic
6.821605592,24.23369141,171.4290014,Garlic
6.436061712,27.92071201,173.5379637,Turmeric
6.4462804,24.06668741,218.7400703,Turmeric
6.082357542,24.37292488,166.7467571,Turmeric
6.059377098,22.35135567,184.1378664,Turmeric
6.165191788,28.86917357,166.7722919,Turmeric
6.210024175,23.07679182,221.9789863,Turmeric
6.199755883,26.57209867,174.4339189,Turmeric
6.161890663,22.60665474,175.3252886,Turmeric
6.059881622,22.75481924,210.5627196,Turmeric
6.102461382,29.5635706,154.4624323,Turmeric
6.087497983,21.02226042,217.8262519,Turmeric
6.208176177,21.8933651,188.6812038,Turmeric
6.367522266,29.54800264,177.581589,Turmeric
6.48351883,28.54113195,191.1248775,Turmeric
6.069481195,28.04442368,195.4539144,Turmeric
6.049499504,23.28042221,207.7933601,Turmeric
6.190329523,27.03582908,161.0994882,Turmeric
6.290783035,20.62692573,178.5793991,Turmeric
6.432749863,23.45411641,200.5022542,Turmeric
6.271692086,29.58753631,215.6325161,Turmeric
6.237536943,25.62702571,194.6230358,Turmeric
6.239328401,25.66203387,195.153929,Turmeric
6.241119859,25.69704202,195.6848222,Turmeric
6.242911317,25.73205017,196.2157153,Turmeric
6.244702774,25.76705832,196.7466085,Turmeric
6.246494232,25.80206648,197.2775017,Turmeric
6.24828569,25.83707463,197.8083949,Turmeric
6.250077148,25.87208278,198.339288,Turmeric
6.251868605,25.90709094,198.8701812,Turmeric
6.253660063,25.94209909,199.4010744,Turmeric
6.255451521,25.97710724,199.9319676,Turmeric
6.257242979,26.0121154,200.4628607,Turmeric
6.259034437,26.04712355,200.9937539,Turmeric
6.260825894,26.0821317,201.5246471,Turmeric
6.262617352,26.11713985,202.0555403,Turmeric
6.26440881,26.15214801,202.5864334,Turmeric
6.266200268,26.18715616,203.1173266,Turmeric
6.267991726,26.22216431,203.6482198,Turmeric
6.269783183,26.25717247,204.179113,Turmeric
6.271574641,26.29218062,204.7100061,Turmeric
6.273366099,26.32718877,205.2408993,Turmeric
6.275157557,26.36219692,205.7717925,Turmeric
6.276949015,26.39720508,206.3026857,Turmeric
6.278740472,26.43221323,206.8335788,Turmeric
6.28053193,26.46722138,207.364472,Turmeric
6.282323388,26.50222954,207.8953652,Turmeric
6.284114846,26.53723769,208.4262584,Turmeric
6.285906304,26.57224584,208.9571515,Turmeric
6.287697761,26.607254,209.4880447,Turmeric
6.289489219,26.64226215,210.0189379,Turmeric
5.726589812,29.19551887,164.521308,Ginger
5.891057623,28.3068728,159.7051433,Ginger
5.591595768,28.85014857,246.982559,Ginger
5.563677798,28.20284097,285.2852166,Ginger
5.708625206,29.79963605,190.973407,Ginger
6.117268702,29.58396768,162.9386681,Ginger
5.775079463,29.59089042,267.9937938,Ginger
6.461952606,28.19215699,248.0992202,Ginger
5.966247728,28.16813953,244.6256001,Ginger
5.505486201,28.2680995,248.0437208,Ginger
6.261402032,29.82758527,218.4691373,Ginger
6.35361998,28.49419891,158.8898401,Ginger
5.635631475,28.47269398,240.8356655,Ginger
5.728583544,29.49038833,262.4336073,Ginger
6.307322649,28.39101847,237.2916719,Ginger
6.251919727,28.31092243,241.3405566,Ginger
6.189816225,28.96706133,241.7063384,Ginger
5.574045212,28.76461847,156.7064471,Ginger
5.91049452,29.93852221,158.8271796,Ginger
5.519596806,29.68242356,184.0719728,Ginger
5.976383144,29.09671877,210.437565,Ginger
5.983467191,29.11308387,209.9090423,Ginger
5.990551237,29.12944897,209.3805197,Ginger
5.997635284,29.14581407,208.8519971,Ginger
6.004719331,29.16217918,208.3234744,Ginger
6.011803378,29.17854428,207.7949518,Ginger
6.018887424,29.19490938,207.2664291,Ginger
6.025971471,29.21127448,206.7379065,Ginger
6.033055518,29.22763958,206.2093839,Ginger
6.040139564,29.24400468,205.6808612,Ginger
6.047223611,29.26036978,205.1523386,Ginger
6.054307658,29.27673488,204.6238159,Ginger
6.061391704,29.29309998,204.0952933,Ginger
6.068475751,29.30946508,203.5667707,Ginger
6.075559798,29.32583018,203.038248,Ginger
6.082643844,29.34219528,202.5097254,Ginger
6.089727891,29.35856038,201.9812027,Ginger
6.096811938,29.37492548,201.4526801,Ginger
6.103895985,29.39129058,200.9241575,Ginger
6.110980031,29.40765568,200.3956348,Ginger
6.118064078,29.42402078,199.8671122,Ginger
6.125148125,29.44038589,199.3385896,Ginger
6.132232171,29.45675099,198.8100669,Ginger
6.139316218,29.47311609,198.2815443,Ginger
6.146400265,29.48948119,197.7530216,Ginger
6.153484311,29.50584629,197.224499,Ginger
6.160568358,29.52221139,196.6959764,Ginger
6.167652405,29.53857649,196.1674537,Ginger
6.174736451,29.55494159,195.6389311,Ginger
6.181820498,29.57130669,195.1104084,Ginger
6.353870007,45.27556658,91.89525527,Dry Chillies
6.357900182,48.88290929,92.04539077,Dry Chillies
6.130599055,46.41954724,52.0671643,Dry Chillies
6.079429707,47.57704634,88.90553594,Dry Chillies
5.726843477,47.12404759,66.79819742,Dry Chillies
6.609929071,45.33540488,51.80249367,Dry Chillies
5.618895159,48.34701103,93.42690575,Dry Chillies
6.340847342,48.25766808,64.2634776,Dry Chillies
5.938631549,49.71509646,54.42211664,Dry Chillies
5.509296396,45.5742521,69.34677689,Dry Chillies
6.663915073,49.46501375,92.64792553,Dry Chillies
6.365521571,48.28838811,95.42347402,Dry Chillies
5.553709241,46.39837776,61.95009816,Dry Chillies
5.956471247,46.63650725,67.33241026,Dry Chillies
6.122353616,49.42401855,52.75615618,Dry Chillies
6.031890894,48.45295476,77.05417857,Dry Chillies
6.554021924,48.44704425,75.4980463,Dry Chillies
6.780982028,49.10980068,68.13598182,Dry Chillies
5.790651776,46.77693894,83.62489277,Dry Chillies
6.405000357,49.28581498,51.07107037,Dry Chillies
6.200461698,48.70135326,66.37655527,Dry Chillies
6.205787766,48.7929421,65.79114364,Dry Chillies
6.211113834,48.88453094,65.20573201,Dry Chillies
6.216439902,48.97611978,64.62032037,Dry Chillies
6.22176597,49.06770863,64.03490874,Dry Chillies
6.227092038,49.15929747,63.44949711,Dry Chillies
6.232418106,49.25088631,62.86408548,Dry Chillies
6.237744175,49.34247515,62.27867384,Dry Chillies
6.243070243,49.43406399,61.69326221,Dry Chillies
6.248396311,49.52565283,61.10785058,Dry Chillies
6.253722379,49.61724167,60.52243895,Dry Chillies
6.259048447,49.70883051,59.93702731,Dry Chillies
6.264374515,49.80041935,59.35161568,Dry Chillies
6.269700583,49.89200819,58.76620405,Dry Chillies
6.275026651,49.98359704,58.18079242,Dry Chillies
6.280352719,50.07518588,57.59538078,Dry Chillies
6.285678787,50.16677472,57.00996915,Dry Chillies
6.291004855,50.25836356,56.42455752,Dry Chillies
6.296330923,50.3499524,55.83914589,Dry Chillies
6.301656991,50.44154124,55.25373425,Dry Chillies
6.306983059,50.53313008,54.66832262,Dry Chillies
6.312309127,50.62471892,54.08291099,Dry Chillies
6.317635195,50.71630776,53.49749936,Dry Chillies
6.322961263,50.8078966,52.91208772,Dry Chillies
6.328287331,50.89948545,52.32667609,Dry Chillies
6.333613399,50.99107429,51.74126446,Dry Chillies
6.338939468,51.08266313,51.15585283,Dry Chillies
6.344265536,51.17425197,50.57044119,Dry Chillies
6.349591604,51.26584081,49.98502956,Dry Chillies
6.354917672,51.35742965,49.39961793,Dry Chillies
7.718878339,14.68451182,19.47839406,Castor Oil seed
7.881470586,14.69600286,17.07479696,Castor Oil seed
7.079023764,14.33910781,19.40316256,Castor Oil seed
6.991420718,14.55505773,15.47606419,Castor Oil seed
7.896923071,14.41998051,17.89663346,Castor Oil seed
7.181736767,14.70260936,15.84515609,Castor Oil seed
7.554216632,14.05723355,18.36779495,Castor Oil seed
7.319504186,14.77359833,18.48959826,Castor Oil seed
6.426480586,14.02968587,15.57560871,Castor Oil seed
5.06650693,14.2123273,15.10613349,Castor Oil seed
7.02761999,14.49077315,17.14451101,Castor Oil seed
5.484815452,14.93554114,16.24937745,Castor Oil seed
5.636493497,14.84932875,19.09640072,Castor Oil seed
7.600151664,14.41279865,18.5599498,Castor Oil seed
7.716988114,14.64779023,19.60059523,Castor Oil seed
6.615252576,14.15263952,19.72894302,Castor Oil seed
7.135642486,14.23366616,18.54254762,Castor Oil seed
6.429309908,14.84930054,19.59632491,Castor Oil seed
6.197625696,14.65273752,17.73776488,Castor Oil seed
6.299368505,14.27632309,19.64771473,Castor Oil seed
6.21792901,14.47812859,18.8754189,Castor Oil seed
6.156496394,14.47618363,18.9653756,Castor Oil seed
6.095063779,14.47423867,19.0553323,Castor Oil seed
6.033631163,14.4722937,19.14528899,Castor Oil seed
5.972198547,14.47034874,19.23524569,Castor Oil seed
5.910765932,14.46840378,19.32520238,Castor Oil seed
5.849333316,14.46645882,19.41515908,Castor Oil seed
5.787900701,14.46451386,19.50511577,Castor Oil seed
5.726468085,14.46256889,19.59507247,Castor Oil seed
5.66503547,14.46062393,19.68502916,Castor Oil seed
5.603602854,14.45867897,19.77498586,Castor Oil seed
5.542170238,14.45673401,19.86494255,Castor Oil seed
5.480737623,14.45478905,19.95489925,Castor Oil seed
5.419305007,14.45284408,20.04485594,Castor Oil seed
5.357872392,14.45089912,20.13481264,Castor Oil seed
5.296439776,14.44895416,20.22476933,Castor Oil seed
5.235007161,14.4470092,20.31472603,Castor Oil seed
5.173574545,14.44506423,20.40468272,Castor Oil seed
5.112141929,14.44311927,20.49463942,Castor Oil seed
5.050709314,14.44117431,20.58459611,Castor Oil seed
4.989276698,14.43922935,20.67455281,Castor Oil seed
4.927844083,14.43728439,20.7645095,Castor Oil seed
4.866411467,14.43533942,20.8544662,Castor Oil seed
4.804978852,14.43339446,20.94442289,Castor Oil seed
4.743546236,14.4314495,21.03437959,Castor Oil seed
4.68211362,14.42950454,21.12433628,Castor Oil seed
4.620681005,14.42755957,21.21429298,Castor Oil seed
4.559248389,14.42561461,21.30424968,Castor Oil seed
4.497815774,14.42366965,21.39420637,Castor Oil seed
4.436383158,14.42172469,21.48416307,Castor Oil seed
6.685346819,9.347595644,69.30727793,Sunflower 
7.203425265,5.550102798,65.28620025,Sunflower 
6.23321848,4.552889226,69.9647204,Sunflower 
7.154010042,9.677793968,57.66988217,Sunflower 
6.644538456,9.586409734,69.87916465,Sunflower 
6.925646582,4.075195451,64.73185891,Sunflower 
6.217022016,7.019035467,50.17407588,Sunflower 
6.694586122,4.483705552,55.55053315,Sunflower 
6.138680928,5.076080077,74.04081575,Sunflower 
6.781768095,5.583441406,70.10844101,Sunflower 
7.484971453,7.45494645,50.57231743,Sunflower 
6.755944238,6.668973079,57.48685159,Sunflower 
6.940330045,8.192170466,72.8440967,Sunflower 
6.938133462,9.426267233,68.91121953,Sunflower 
7.021939779,6.092346236,66.35231727,Sunflower 
6.889569028,6.84576646,55.7143658,Sunflower 
7.30661571,8.168857932,50.55085569,Sunflower 
7.128282004,8.146274439,74.96628676,Sunflower 
6.239469928,9.257942062,65.89229465,Sunflower 
6.426219728,9.590515797,63.35419892,Sunflower 
6.841743587,8.281792622,62.77477609,Sunflower 
6.84662527,8.381028541,62.68971774,Sunflower 
6.851506954,8.48026446,62.6046594,Sunflower 
6.856388637,8.579500379,62.51960105,Sunflower 
6.861270321,8.678736298,62.43454271,Sunflower 
6.866152005,8.777972217,62.34948436,Sunflower 
6.871033688,8.877208136,62.26442601,Sunflower 
6.875915372,8.976444055,62.17936767,Sunflower 
6.880797055,9.075679974,62.09430932,Sunflower 
6.885678739,9.174915893,62.00925098,Sunflower 
6.890560423,9.274151812,61.92419263,Sunflower 
6.895442106,9.37338773,61.83913428,Sunflower 
6.90032379,9.472623649,61.75407594,Sunflower 
6.905205473,9.571859568,61.66901759,Sunflower 
6.910087157,9.671095487,61.58395925,Sunflower 
6.914968841,9.770331406,61.4989009,Sunflower 
6.919850524,9.869567325,61.41384255,Sunflower 
6.924732208,9.968803244,61.32878421,Sunflower 
6.929613891,10.06803916,61.24372586,Sunflower 
6.934495575,10.16727508,61.15866752,Sunflower 
6.939377259,10.266511,61.07360917,Sunflower 
6.944258942,10.36574692,60.98855082,Sunflower 
6.949140626,10.46498284,60.90349248,Sunflower 
6.954022309,10.56421876,60.81843413,Sunflower 
6.958903993,10.66345468,60.73337579,Sunflower 
6.963785676,10.7626906,60.64831744,Sunflower 
6.96866736,10.86192651,60.5632591,Sunflower 
6.973549044,10.96116243,60.47820075,Sunflower 
6.978430727,11.06039835,60.3931424,Sunflower 
6.983312411,11.15963427,60.30808406,Sunflower 
6.322247757,35.58573712,84.06618328,Cotton
6.119748452,21.66343037,84.9299031,Cotton
6.171262814,25.85527788,99.90015599,Cotton
6.025053752,32.21379539,82.02358301,Cotton
6.107187499,30.97779388,68.54513382,Cotton
6.068618897,27.75629413,58.16021614,Cotton
6.025073033,25.88526606,85.58415429,Cotton
6.238184876,31.31836224,55.28784749,Cotton
6.129908993,25.9002497,93.98111104,Cotton
6.482059223,36.2539706,62.88872913,Cotton
6.098445479,29.42044816,83.13569387,Cotton
6.456018827,30.7092805,84.80727829,Cotton
6.426579189,34.3963021,82.21726735,Cotton
6.068031229,27.48049541,88.52944808,Cotton
6.208569461,29.37213573,67.29003293,Cotton
6.41825744,23.47826391,96.11197126,Cotton
6.418510068,22.38365416,72.00790801,Cotton
6.317656849,22.46245825,55.95231088,Cotton
6.441151829,33.50851146,73.59473267,Cotton
6.293601953,23.5933408,88.7243442,Cotton
6.389827977,26.62410343,75.5430494,Cotton
6.403925082,26.44442248,75.27220647,Cotton
6.418022186,26.26474153,75.00136353,Cotton
6.432119291,26.08506058,74.73052059,Cotton
6.446216395,25.90537963,74.45967766,Cotton
6.4603135,25.72569868,74.18883472,Cotton
6.474410604,25.54601773,73.91799178,Cotton
6.488507708,25.36633678,73.64714884,Cotton
6.502604813,25.18665583,73.37630591,Cotton
6.516701917,25.00697488,73.10546297,Cotton
6.530799022,24.82729393,72.83462003,Cotton
6.544896126,24.64761298,72.5637771,Cotton
6.558993231,24.46793203,72.29293416,Cotton
6.573090335,24.28825108,72.02209122,Cotton
6.587187439,24.10857014,71.75124829,Cotton
6.601284544,23.92888919,71.48040535,Cotton
6.615381648,23.74920824,71.20956241,Cotton
6.629478753,23.56952729,70.93871947,Cotton
6.643575857,23.38984634,70.66787654,Cotton
6.657672962,23.21016539,70.3970336,Cotton
6.671770066,23.03048444,70.12619066,Cotton
6.68586717,22.85080349,69.85534773,Cotton
6.699964275,22.67112254,69.58450479,Cotton
6.714061379,22.49144159,69.31366185,Cotton
6.728158484,22.31176064,69.04281892,Cotton
6.742255588,22.13207969,68.77197598,Cotton
6.756352693,21.95239874,68.50113304,Cotton
6.770449797,21.77271779,68.2302901,Cotton
6.784546901,21.59303685,67.95944717,Cotton
6.798644006,21.4133559,67.68860423,Cotton
6.997852471,29.12918853,51.21685187,Moong
6.275344065,27.28132821,56.63729934,Moong
6.814695712,28.85905128,54.57891363,Moong
6.399074762,27.17721208,51.62426188,Moong
6.92699335,28.55757201,60.94355277,Moong
6.799538027,27.32886528,61.66701864,Moong
7.12836656,29.38452525,69.46037465,Moong
7.182627119,28.64282752,51.50721994,Moong
6.751218753,29.71523088,58.65596638,Moong
6.752916782,29.53992946,55.06886664,Moong
6.271662602,28.67615487,60.52952632,Moong
7.055007035,28.03364801,57.15807299,Moong
6.935088221,29.43035248,67.50257774,Moong
7.041710357,28.14306072,58.04965927,Moong
6.658168911,29.34331636,58.69969708,Moong
6.312225298,28.08157848,57.45667996,Moong
7.197502021,27.74268869,53.43889649,Moong
6.826139252,28.10065547,62.00935747,Moong
6.362758007,27.35621882,67.47069711,Moong
7.032818604,27.89919668,59.60614007,Moong
6.811764236,28.23253691,61.93738476,Moong
6.81420984,28.21457566,62.24912793,Moong
6.816655444,28.1966144,62.56087109,Moong
6.819101048,28.17865315,62.87261426,Moong
6.821546652,28.1606919,63.18435742,Moong
6.823992255,28.14273065,63.49610059,Moong
6.826437859,28.1247694,63.80784376,Moong
6.828883463,28.10680814,64.11958692,Moong
6.831329067,28.08884689,64.43133009,Moong
6.833774671,28.07088564,64.74307326,Moong
6.836220275,28.05292439,65.05481642,Moong
6.838665879,28.03496314,65.36655959,Moong
6.841111483,28.01700188,65.67830276,Moong
6.843557086,27.99904063,65.99004592,Moong
6.84600269,27.98107938,66.30178909,Moong
6.848448294,27.96311813,66.61353226,Moong
6.850893898,27.94515687,66.92527542,Moong
6.853339502,27.92719562,67.23701859,Moong
6.855785106,27.90923437,67.54876175,Moong
6.85823071,27.89127312,67.86050492,Moong
6.860676313,27.87331187,68.17224809,Moong
6.863121917,27.85535061,68.48399125,Moong
6.865567521,27.83738936,68.79573442,Moong
6.868013125,27.81942811,69.10747759,Moong
6.870458729,27.80146686,69.41922075,Moong
6.872904333,27.78350561,69.73096392,Moong
6.875349937,27.76554435,70.04270709,Moong
6.877795541,27.7475831,70.35445025,Moong
6.880241144,27.72962185,70.66619342,Moong
6.882686748,27.7116606,70.97793659,Moong
5.51408257,17.45280336,195.1194121,Cashew nuts
5.23772542,19.96263396,139.1628953,Cashew nuts
5.515896874,21.69625576,129.1278,Cashew nuts
5.154340899,35.45514018,139.4521829,Cashew nuts
6.48058022,17.55929042,121.3084352,Cashew nuts
5.713455894,27.1730111,122.5347741,Cashew nuts
6.017757226,38.40835712,123.5839072,Cashew nuts
5.506884751,18.67125838,172.5352127,Cashew nuts
5.119987032,39.18890866,125.4558102,Cashew nuts
6.062310421,10.4387025,147.4433057,Cashew nuts
5.224912019,33.5184661,103.6942445,Cashew nuts
5.637329176,25.03658348,123.3655848,Cashew nuts
5.607704629,18.54339704,137.4426755,Cashew nuts
6.181846901,13.87557993,153.5310842,Cashew nuts
6.423835733,34.92979158,143.8685567,Cashew nuts
5.319614026,23.89984753,139.83379,Cashew nuts
5.812371374,14.81738526,184.2523596,Cashew nuts
5.906689359,27.38049928,194.2564419,Cashew nuts
5.077117073,11.7208085,118.2012417,Cashew nuts
5.303048473,37.05458863,129.5505193,Cashew nuts
5.669820077,24.31632533,144.8473718,Cashew nuts
5.672576798,24.31415008,145.1008346,Cashew nuts
5.675333519,24.31197483,145.3542975,Cashew nuts
5.67809024,24.30979959,145.6077604,Cashew nuts
5.680846962,24.30762434,145.8612233,Cashew nuts
5.683603683,24.30544909,146.1146861,Cashew nuts
5.686360404,24.30327384,146.368149,Cashew nuts
5.689117125,24.30109859,146.6216119,Cashew nuts
5.691873847,24.29892334,146.8750747,Cashew nuts
5.694630568,24.2967481,147.1285376,Cashew nuts
5.697387289,24.29457285,147.3820005,Cashew nuts
5.70014401,24.2923976,147.6354633,Cashew nuts
5.702900732,24.29022235,147.8889262,Cashew nuts
5.705657453,24.2880471,148.1423891,Cashew nuts
5.708414174,24.28587185,148.3958519,Cashew nuts
5.711170896,24.28369661,148.6493148,Cashew nuts
5.713927617,24.28152136,148.9027777,Cashew nuts
5.716684338,24.27934611,149.1562405,Cashew nuts
5.719441059,24.27717086,149.4097034,Cashew nuts
5.722197781,24.27499561,149.6631663,Cashew nuts
5.724954502,24.27282036,149.9166291,Cashew nuts
5.727711223,24.27064512,150.170092,Cashew nuts
5.730467944,24.26846987,150.4235549,Cashew nuts
5.733224666,24.26629462,150.6770177,Cashew nuts
5.735981387,24.26411937,150.9304806,Cashew nuts
5.738738108,24.26194412,151.1839435,Cashew nuts
5.741494829,24.25976887,151.4374063,Cashew nuts
5.744251551,24.25759363,151.6908692,Cashew nuts
5.747008272,24.25541838,151.9443321,Cashew nuts
5.749764993,24.25324313,152.1977949,Cashew nuts
6.659148793,31.11459484,52.96778025,Ground nuts
6.782511341,26.62699736,50.08405701,Ground nuts
6.525543705,34.83015055,56.98418745,Ground nuts
6.770630511,32.3391368,54.71612469,Ground nuts
6.939665821,27.35468903,59.58406513,Ground nuts
6.704645923,32.36683315,56.01741753,Ground nuts
6.771721156,34.28289625,58.52408205,Ground nuts
6.660870085,30.11019899,52.61447046,Ground nuts
6.73870555,31.53296742,59.30006194,Ground nuts
6.67926899,33.28730078,55.93046979,Ground nuts
6.665924357,26.21023584,52.79173878,Ground nuts
6.740140012,26.68183618,54.83629013,Ground nuts
6.558050549,33.69163921,59.31736058,Ground nuts
6.798915763,33.14202327,52.96469648,Ground nuts
6.985361787,31.60144241,50.17194259,Ground nuts
6.504792151,26.73126901,54.80801548,Ground nuts
6.648060851,28.31435197,53.87144881,Ground nuts
6.68500903,29.58775794,53.35397775,Ground nuts
6.599357418,33.58284976,52.08963815,Ground nuts
6.748440323,32.1465395,52.8615519,Ground nuts
6.683008356,30.63028163,53.42288064,Ground nuts
6.68059599,30.61632888,53.30225319,Ground nuts
6.678183623,30.60237613,53.18162574,Ground nuts
6.675771256,30.58842338,53.06099829,Ground nuts
6.67335889,30.57447063,52.94037084,Ground nuts
6.670946523,30.56051788,52.81974339,Ground nuts
6.668534157,30.54656513,52.69911595,Ground nuts
6.66612179,30.53261238,52.5784885,Ground nuts
6.663709423,30.51865963,52.45786105,Ground nuts
6.661297057,30.50470688,52.3372336,Ground nuts
6.65888469,30.49075413,52.21660615,Ground nuts
6.656472324,30.47680138,52.0959787,Ground nuts
6.654059957,30.46284863,51.97535125,Ground nuts
6.65164759,30.44889588,51.85472381,Ground nuts
6.649235224,30.43494313,51.73409636,Ground nuts
6.646822857,30.42099038,51.61346891,Ground nuts
6.644410491,30.40703763,51.49284146,Ground nuts
6.641998124,30.39308488,51.37221401,Ground nuts
6.639585757,30.37913213,51.25158656,Ground nuts
6.637173391,30.36517938,51.13095911,Ground nuts
6.634761024,30.35122663,51.01033166,Ground nuts
6.632348657,30.33727388,50.88970422,Ground nuts
6.629936291,30.32332113,50.76907677,Ground nuts
6.627523924,30.30936838,50.64844932,Ground nuts
6.625111558,30.29541563,50.52782187,Ground nuts
6.622699191,30.28146288,50.40719442,Ground nuts
6.620286824,30.26751013,50.28656697,Ground nuts
6.617874458,30.25355738,50.16593952,Ground nuts
6.615462091,30.23960463,50.04531208,Ground nuts
6.613049725,30.22565188,49.92468463,Ground nuts
6.331200394,22.75345237,54.76801504,Tomato
6.437045342,23.01994445,45.71729979,Tomato
6.027127139,23.19802139,42.13117896,Tomato
6.342414144,21.33720486,55.0151558,Tomato
6.795541034,22.97680239,54.42051658,Tomato
6.048943269,22.7330181,47.83720121,Tomato
6.148868609,22.64930834,47.26670533,Tomato
6.05986788,22.64164135,47.2630828,Tomato
6.142439606,22.2252851,52.98294496,Tomato
6.679637954,22.90680961,45.4710621,Tomato
6.744400615,22.02244427,58.07107262,Tomato
6.049282896,23.20395831,57.09211423,Tomato
6.044294976,23.55669642,46.07963675,Tomato
6.100619358,21.84718908,45.18540743,Tomato
6.02920934,21.87726957,58.12304693,Tomato
6.088997068,22.5607017,59.48304984,Tomato
6.631280954,21.92294295,54.37342095,Tomato
6.008114628,23.67063806,55.23081327,Tomato
6.622334547,23.75908888,51.56333456,Tomato
6.463043675,21.28593098,59.21356938,Tomato
6.294036703,22.51362513,56.00681378,Tomato
6.294446563,22.50469253,56.40132639,Tomato
6.294856423,22.49575993,56.79583899,Tomato
6.295266283,22.48682734,57.1903516,Tomato
6.295676143,22.47789474,57.58486421,Tomato
6.296086003,22.46896214,57.97937681,Tomato
6.296495863,22.46002954,58.37388942,Tomato
6.296905723,22.45109694,58.76840202,Tomato
6.297315584,22.44216434,59.16291463,Tomato
6.297725444,22.43323175,59.55742723,Tomato
6.298135304,22.42429915,59.95193984,Tomato
6.298545164,22.41536655,60.34645244,Tomato
6.298955024,22.40643395,60.74096505,Tomato
6.299364884,22.39750135,61.13547765,Tomato
6.299774744,22.38856876,61.52999026,Tomato
6.300184604,22.37963616,61.92450287,Tomato
6.300594465,22.37070356,62.31901547,Tomato
6.301004325,22.36177096,62.71352808,Tomato
6.301414185,22.35283836,63.10804068,Tomato
6.301824045,22.34390577,63.50255329,Tomato
6.302233905,22.33497317,63.89706589,Tomato
6.302643765,22.32604057,64.2915785,Tomato
6.303053625,22.31710797,64.6860911,Tomato
6.303463485,22.30817537,65.08060371,Tomato
6.303873345,22.29924278,65.47511632,Tomato
6.304283206,22.29031018,65.86962892,Tomato
6.304693066,22.28137758,66.26414153,Tomato
6.305102926,22.27244498,66.65865413,Tomato
6.305512786,22.26351238,67.05316674,Tomato
6.305922646,22.25457979,67.44767934,Tomato
